<?xml version="1.0" encoding="UTF-8"?>

<businessLetter>
	<sender>
		<firstname>Bob Johnson</firstname>
		<lastname>123 Market St.</lastname>
		<address>Anytown, N.Y.10001</address>
	</sender>

	<date>
		<month>August</month>
		<day>15</day>
		<year>2003</year>
	</date>
	
	<receiver>
		<prefix>Ms.</prefix>
		<firstname>Pat</firstname>
		<lastname>Smith</lastname>
		<address>
			<number>123</number>
			<street>Main Street</street>
			<state>N.Y</state>
			<postcode>10001</postcode>
		</address>
	</receiver>
	
	<letterConttent>
		<greeting>Dear Ms.Smith</greeting>
		<mainContent>
			Thank you for taking the time to speak with me about you Personal Trainer
			position yesterday. After talking with you, meeting the other staff members and 
			touring your club, I am more excited than ever about the potential this position offers.
			I look forward to speaking with you soon.
		</mainContent>
		<ending>Sincerely</ending>
	</letterConttent>
	
</businessLetter>